--
-- PostgreSQL database dump
--

-- Dumped from database version 16.0
-- Dumped by pg_dump version 16.0

-- Started on 2023-10-29 20:59:55

SET statement_timeout = 0;
SET lock_timeout = 0;
SET idle_in_transaction_session_timeout = 0;
SET client_encoding = 'UTF8';
SET standard_conforming_strings = on;
SELECT pg_catalog.set_config('search_path', '', false);
SET check_function_bodies = false;
SET xmloption = content;
SET client_min_messages = warning;
SET row_security = off;

SET default_tablespace = '';

SET default_table_access_method = heap;

--
-- TOC entry 222 (class 1259 OID 16652)
-- Name: auth_group; Type: TABLE; Schema: public; Owner: hotel_admin
--

CREATE TABLE public.auth_group (
    id integer NOT NULL,
    name character varying(150) NOT NULL
);


ALTER TABLE public.auth_group OWNER TO hotel_admin;

--
-- TOC entry 221 (class 1259 OID 16651)
-- Name: auth_group_id_seq; Type: SEQUENCE; Schema: public; Owner: hotel_admin
--

ALTER TABLE public.auth_group ALTER COLUMN id ADD GENERATED BY DEFAULT AS IDENTITY (
    SEQUENCE NAME public.auth_group_id_seq
    START WITH 1
    INCREMENT BY 1
    NO MINVALUE
    NO MAXVALUE
    CACHE 1
);


--
-- TOC entry 224 (class 1259 OID 16660)
-- Name: auth_group_permissions; Type: TABLE; Schema: public; Owner: hotel_admin
--

CREATE TABLE public.auth_group_permissions (
    id bigint NOT NULL,
    group_id integer NOT NULL,
    permission_id integer NOT NULL
);


ALTER TABLE public.auth_group_permissions OWNER TO hotel_admin;

--
-- TOC entry 223 (class 1259 OID 16659)
-- Name: auth_group_permissions_id_seq; Type: SEQUENCE; Schema: public; Owner: hotel_admin
--

ALTER TABLE public.auth_group_permissions ALTER COLUMN id ADD GENERATED BY DEFAULT AS IDENTITY (
    SEQUENCE NAME public.auth_group_permissions_id_seq
    START WITH 1
    INCREMENT BY 1
    NO MINVALUE
    NO MAXVALUE
    CACHE 1
);


--
-- TOC entry 220 (class 1259 OID 16646)
-- Name: auth_permission; Type: TABLE; Schema: public; Owner: hotel_admin
--

CREATE TABLE public.auth_permission (
    id integer NOT NULL,
    name character varying(255) NOT NULL,
    content_type_id integer NOT NULL,
    codename character varying(100) NOT NULL
);


ALTER TABLE public.auth_permission OWNER TO hotel_admin;

--
-- TOC entry 219 (class 1259 OID 16645)
-- Name: auth_permission_id_seq; Type: SEQUENCE; Schema: public; Owner: hotel_admin
--

ALTER TABLE public.auth_permission ALTER COLUMN id ADD GENERATED BY DEFAULT AS IDENTITY (
    SEQUENCE NAME public.auth_permission_id_seq
    START WITH 1
    INCREMENT BY 1
    NO MINVALUE
    NO MAXVALUE
    CACHE 1
);


--
-- TOC entry 236 (class 1259 OID 16786)
-- Name: authtoken_token; Type: TABLE; Schema: public; Owner: hotel_admin
--

CREATE TABLE public.authtoken_token (
    key character varying(40) NOT NULL,
    created timestamp with time zone NOT NULL,
    user_id bigint NOT NULL
);


ALTER TABLE public.authtoken_token OWNER TO hotel_admin;

--
-- TOC entry 235 (class 1259 OID 16766)
-- Name: django_admin_log; Type: TABLE; Schema: public; Owner: hotel_admin
--

CREATE TABLE public.django_admin_log (
    id integer NOT NULL,
    action_time timestamp with time zone NOT NULL,
    object_id text,
    object_repr character varying(200) NOT NULL,
    action_flag smallint NOT NULL,
    change_message text NOT NULL,
    content_type_id integer,
    user_id bigint NOT NULL,
    CONSTRAINT django_admin_log_action_flag_check CHECK ((action_flag >= 0))
);


ALTER TABLE public.django_admin_log OWNER TO hotel_admin;

--
-- TOC entry 234 (class 1259 OID 16765)
-- Name: django_admin_log_id_seq; Type: SEQUENCE; Schema: public; Owner: hotel_admin
--

ALTER TABLE public.django_admin_log ALTER COLUMN id ADD GENERATED BY DEFAULT AS IDENTITY (
    SEQUENCE NAME public.django_admin_log_id_seq
    START WITH 1
    INCREMENT BY 1
    NO MINVALUE
    NO MAXVALUE
    CACHE 1
);


--
-- TOC entry 218 (class 1259 OID 16638)
-- Name: django_content_type; Type: TABLE; Schema: public; Owner: hotel_admin
--

CREATE TABLE public.django_content_type (
    id integer NOT NULL,
    app_label character varying(100) NOT NULL,
    model character varying(100) NOT NULL
);


ALTER TABLE public.django_content_type OWNER TO hotel_admin;

--
-- TOC entry 217 (class 1259 OID 16637)
-- Name: django_content_type_id_seq; Type: SEQUENCE; Schema: public; Owner: hotel_admin
--

ALTER TABLE public.django_content_type ALTER COLUMN id ADD GENERATED BY DEFAULT AS IDENTITY (
    SEQUENCE NAME public.django_content_type_id_seq
    START WITH 1
    INCREMENT BY 1
    NO MINVALUE
    NO MAXVALUE
    CACHE 1
);


--
-- TOC entry 216 (class 1259 OID 16630)
-- Name: django_migrations; Type: TABLE; Schema: public; Owner: hotel_admin
--

CREATE TABLE public.django_migrations (
    id bigint NOT NULL,
    app character varying(255) NOT NULL,
    name character varying(255) NOT NULL,
    applied timestamp with time zone NOT NULL
);


ALTER TABLE public.django_migrations OWNER TO hotel_admin;

--
-- TOC entry 215 (class 1259 OID 16629)
-- Name: django_migrations_id_seq; Type: SEQUENCE; Schema: public; Owner: hotel_admin
--

ALTER TABLE public.django_migrations ALTER COLUMN id ADD GENERATED BY DEFAULT AS IDENTITY (
    SEQUENCE NAME public.django_migrations_id_seq
    START WITH 1
    INCREMENT BY 1
    NO MINVALUE
    NO MAXVALUE
    CACHE 1
);


--
-- TOC entry 237 (class 1259 OID 16799)
-- Name: django_session; Type: TABLE; Schema: public; Owner: hotel_admin
--

CREATE TABLE public.django_session (
    session_key character varying(40) NOT NULL,
    session_data text NOT NULL,
    expire_date timestamp with time zone NOT NULL
);


ALTER TABLE public.django_session OWNER TO hotel_admin;

--
-- TOC entry 226 (class 1259 OID 16692)
-- Name: hotel_1_customuser; Type: TABLE; Schema: public; Owner: hotel_admin
--

CREATE TABLE public.hotel_1_customuser (
    id bigint NOT NULL,
    password character varying(128) NOT NULL,
    last_login timestamp with time zone,
    is_superuser boolean NOT NULL,
    username character varying(150) NOT NULL,
    first_name character varying(150) NOT NULL,
    last_name character varying(150) NOT NULL,
    email character varying(254) NOT NULL,
    is_staff boolean NOT NULL,
    is_active boolean NOT NULL,
    date_joined timestamp with time zone NOT NULL
);


ALTER TABLE public.hotel_1_customuser OWNER TO hotel_admin;

--
-- TOC entry 228 (class 1259 OID 16702)
-- Name: hotel_1_customuser_groups; Type: TABLE; Schema: public; Owner: hotel_admin
--

CREATE TABLE public.hotel_1_customuser_groups (
    id bigint NOT NULL,
    customuser_id bigint NOT NULL,
    group_id integer NOT NULL
);


ALTER TABLE public.hotel_1_customuser_groups OWNER TO hotel_admin;

--
-- TOC entry 227 (class 1259 OID 16701)
-- Name: hotel_1_customuser_groups_id_seq; Type: SEQUENCE; Schema: public; Owner: hotel_admin
--

ALTER TABLE public.hotel_1_customuser_groups ALTER COLUMN id ADD GENERATED BY DEFAULT AS IDENTITY (
    SEQUENCE NAME public.hotel_1_customuser_groups_id_seq
    START WITH 1
    INCREMENT BY 1
    NO MINVALUE
    NO MAXVALUE
    CACHE 1
);


--
-- TOC entry 225 (class 1259 OID 16691)
-- Name: hotel_1_customuser_id_seq; Type: SEQUENCE; Schema: public; Owner: hotel_admin
--

ALTER TABLE public.hotel_1_customuser ALTER COLUMN id ADD GENERATED BY DEFAULT AS IDENTITY (
    SEQUENCE NAME public.hotel_1_customuser_id_seq
    START WITH 1
    INCREMENT BY 1
    NO MINVALUE
    NO MAXVALUE
    CACHE 1
);


--
-- TOC entry 230 (class 1259 OID 16708)
-- Name: hotel_1_customuser_user_permissions; Type: TABLE; Schema: public; Owner: hotel_admin
--

CREATE TABLE public.hotel_1_customuser_user_permissions (
    id bigint NOT NULL,
    customuser_id bigint NOT NULL,
    permission_id integer NOT NULL
);


ALTER TABLE public.hotel_1_customuser_user_permissions OWNER TO hotel_admin;

--
-- TOC entry 229 (class 1259 OID 16707)
-- Name: hotel_1_customuser_user_permissions_id_seq; Type: SEQUENCE; Schema: public; Owner: hotel_admin
--

ALTER TABLE public.hotel_1_customuser_user_permissions ALTER COLUMN id ADD GENERATED BY DEFAULT AS IDENTITY (
    SEQUENCE NAME public.hotel_1_customuser_user_permissions_id_seq
    START WITH 1
    INCREMENT BY 1
    NO MINVALUE
    NO MAXVALUE
    CACHE 1
);


--
-- TOC entry 233 (class 1259 OID 16719)
-- Name: hotel_1_reservation; Type: TABLE; Schema: public; Owner: hotel_admin
--

CREATE TABLE public.hotel_1_reservation (
    id bigint NOT NULL,
    check_in_date date NOT NULL,
    check_out_date date NOT NULL,
    room_id integer NOT NULL,
    user_id bigint NOT NULL
);


ALTER TABLE public.hotel_1_reservation OWNER TO hotel_admin;

--
-- TOC entry 232 (class 1259 OID 16718)
-- Name: hotel_1_reservation_id_seq; Type: SEQUENCE; Schema: public; Owner: hotel_admin
--

ALTER TABLE public.hotel_1_reservation ALTER COLUMN id ADD GENERATED BY DEFAULT AS IDENTITY (
    SEQUENCE NAME public.hotel_1_reservation_id_seq
    START WITH 1
    INCREMENT BY 1
    NO MINVALUE
    NO MAXVALUE
    CACHE 1
);


--
-- TOC entry 231 (class 1259 OID 16713)
-- Name: hotel_1_room; Type: TABLE; Schema: public; Owner: hotel_admin
--

CREATE TABLE public.hotel_1_room (
    number integer NOT NULL,
    price_per_night numeric(10,2) NOT NULL,
    capacity integer NOT NULL
);


ALTER TABLE public.hotel_1_room OWNER TO hotel_admin;

--
-- TOC entry 4912 (class 0 OID 16652)
-- Dependencies: 222
-- Data for Name: auth_group; Type: TABLE DATA; Schema: public; Owner: hotel_admin
--

COPY public.auth_group (id, name) FROM stdin;
\.


--
-- TOC entry 4914 (class 0 OID 16660)
-- Dependencies: 224
-- Data for Name: auth_group_permissions; Type: TABLE DATA; Schema: public; Owner: hotel_admin
--

COPY public.auth_group_permissions (id, group_id, permission_id) FROM stdin;
\.


--
-- TOC entry 4910 (class 0 OID 16646)
-- Dependencies: 220
-- Data for Name: auth_permission; Type: TABLE DATA; Schema: public; Owner: hotel_admin
--

COPY public.auth_permission (id, name, content_type_id, codename) FROM stdin;
1	Can add log entry	1	add_logentry
2	Can change log entry	1	change_logentry
3	Can delete log entry	1	delete_logentry
4	Can view log entry	1	view_logentry
5	Can add permission	2	add_permission
6	Can change permission	2	change_permission
7	Can delete permission	2	delete_permission
8	Can view permission	2	view_permission
9	Can add group	3	add_group
10	Can change group	3	change_group
11	Can delete group	3	delete_group
12	Can view group	3	view_group
13	Can add content type	4	add_contenttype
14	Can change content type	4	change_contenttype
15	Can delete content type	4	delete_contenttype
16	Can view content type	4	view_contenttype
17	Can add session	5	add_session
18	Can change session	5	change_session
19	Can delete session	5	delete_session
20	Can view session	5	view_session
21	Can add Token	6	add_token
22	Can change Token	6	change_token
23	Can delete Token	6	delete_token
24	Can view Token	6	view_token
25	Can add token	7	add_tokenproxy
26	Can change token	7	change_tokenproxy
27	Can delete token	7	delete_tokenproxy
28	Can view token	7	view_tokenproxy
29	Can add user	8	add_customuser
30	Can change user	8	change_customuser
31	Can delete user	8	delete_customuser
32	Can view user	8	view_customuser
33	Can add room	9	add_room
34	Can change room	9	change_room
35	Can delete room	9	delete_room
36	Can view room	9	view_room
37	Can add reservation	10	add_reservation
38	Can change reservation	10	change_reservation
39	Can delete reservation	10	delete_reservation
40	Can view reservation	10	view_reservation
\.


--
-- TOC entry 4926 (class 0 OID 16786)
-- Dependencies: 236
-- Data for Name: authtoken_token; Type: TABLE DATA; Schema: public; Owner: hotel_admin
--

COPY public.authtoken_token (key, created, user_id) FROM stdin;
b230c5fc0c382d902c7e7797b320e3e90d712174	2023-10-28 17:57:38.953599+03	2
\.


--
-- TOC entry 4925 (class 0 OID 16766)
-- Dependencies: 235
-- Data for Name: django_admin_log; Type: TABLE DATA; Schema: public; Owner: hotel_admin
--

COPY public.django_admin_log (id, action_time, object_id, object_repr, action_flag, change_message, content_type_id, user_id) FROM stdin;
1	2023-10-28 17:37:50.877523+03	1	1	1	[{"added": {}}]	9	1
2	2023-10-28 17:37:57.971626+03	2	2	1	[{"added": {}}]	9	1
3	2023-10-28 17:39:04.894879+03	1	Reservation object (1)	1	[{"added": {}}]	10	1
4	2023-10-28 17:39:18.968666+03	2	Reservation object (2)	1	[{"added": {}}]	10	1
5	2023-10-28 17:39:24.728505+03	2	Reservation object (2)	3		10	1
6	2023-10-29 14:10:59.208173+03	1	Reservation object (1)	3		10	1
7	2023-10-29 14:11:06.896539+03	3	Reservation object (3)	1	[{"added": {}}]	10	1
\.


--
-- TOC entry 4908 (class 0 OID 16638)
-- Dependencies: 218
-- Data for Name: django_content_type; Type: TABLE DATA; Schema: public; Owner: hotel_admin
--

COPY public.django_content_type (id, app_label, model) FROM stdin;
1	admin	logentry
2	auth	permission
3	auth	group
4	contenttypes	contenttype
5	sessions	session
6	authtoken	token
7	authtoken	tokenproxy
8	hotel_1	customuser
9	hotel_1	room
10	hotel_1	reservation
\.


--
-- TOC entry 4906 (class 0 OID 16630)
-- Dependencies: 216
-- Data for Name: django_migrations; Type: TABLE DATA; Schema: public; Owner: hotel_admin
--

COPY public.django_migrations (id, app, name, applied) FROM stdin;
1	contenttypes	0001_initial	2023-10-28 17:36:12.994006+03
2	contenttypes	0002_remove_content_type_name	2023-10-28 17:36:13.000574+03
3	auth	0001_initial	2023-10-28 17:36:13.059081+03
4	auth	0002_alter_permission_name_max_length	2023-10-28 17:36:13.063759+03
5	auth	0003_alter_user_email_max_length	2023-10-28 17:36:13.068062+03
6	auth	0004_alter_user_username_opts	2023-10-28 17:36:13.075043+03
7	auth	0005_alter_user_last_login_null	2023-10-28 17:36:13.08003+03
8	auth	0006_require_contenttypes_0002	2023-10-28 17:36:13.082025+03
9	auth	0007_alter_validators_add_error_messages	2023-10-28 17:36:13.087682+03
10	auth	0008_alter_user_username_max_length	2023-10-28 17:36:13.09387+03
11	auth	0009_alter_user_last_name_max_length	2023-10-28 17:36:13.098673+03
12	auth	0010_alter_group_name_max_length	2023-10-28 17:36:13.104178+03
13	auth	0011_update_proxy_permissions	2023-10-28 17:36:13.111159+03
14	auth	0012_alter_user_first_name_max_length	2023-10-28 17:36:13.115623+03
15	hotel_1	0001_initial	2023-10-28 17:36:13.195549+03
16	admin	0001_initial	2023-10-28 17:36:13.220701+03
17	admin	0002_logentry_remove_auto_add	2023-10-28 17:36:13.228681+03
18	admin	0003_logentry_add_action_flag_choices	2023-10-28 17:36:13.235661+03
19	authtoken	0001_initial	2023-10-28 17:36:13.253268+03
20	authtoken	0002_auto_20160226_1747	2023-10-28 17:36:13.280196+03
21	authtoken	0003_tokenproxy	2023-10-28 17:36:13.282627+03
22	sessions	0001_initial	2023-10-28 17:36:13.299736+03
\.


--
-- TOC entry 4927 (class 0 OID 16799)
-- Dependencies: 237
-- Data for Name: django_session; Type: TABLE DATA; Schema: public; Owner: hotel_admin
--

COPY public.django_session (session_key, session_data, expire_date) FROM stdin;
\.


--
-- TOC entry 4916 (class 0 OID 16692)
-- Dependencies: 226
-- Data for Name: hotel_1_customuser; Type: TABLE DATA; Schema: public; Owner: hotel_admin
--

COPY public.hotel_1_customuser (id, password, last_login, is_superuser, username, first_name, last_name, email, is_staff, is_active, date_joined) FROM stdin;
1	argon2$argon2id$v=19$m=102400,t=2,p=8$b1kxeDNGaUV1a2UwQUtxNlN3QXFpeQ$NzLJhy/QLgPuHXOO6cMxkhZp4YtFiZon6+NGnkrFxnM	2023-10-29 15:17:33.703478+03	t	hotel_administrator			hoteladmin@custom.mail	t	t	2023-10-28 17:37:30.946116+03
2	argon2$argon2id$v=19$m=102400,t=2,p=8$M3BKeWg4Yk03NWV2dWx1elc2NTZydg$r7sqNK9wsFlm0IYdListG98LFW5V9m7gHjgwGuWqgXo	2023-10-29 16:27:23.362735+03	f	SomeUser1			SomeUser1@custom.mail	f	t	2023-10-28 17:38:41.565448+03
\.


--
-- TOC entry 4918 (class 0 OID 16702)
-- Dependencies: 228
-- Data for Name: hotel_1_customuser_groups; Type: TABLE DATA; Schema: public; Owner: hotel_admin
--

COPY public.hotel_1_customuser_groups (id, customuser_id, group_id) FROM stdin;
\.


--
-- TOC entry 4920 (class 0 OID 16708)
-- Dependencies: 230
-- Data for Name: hotel_1_customuser_user_permissions; Type: TABLE DATA; Schema: public; Owner: hotel_admin
--

COPY public.hotel_1_customuser_user_permissions (id, customuser_id, permission_id) FROM stdin;
\.


--
-- TOC entry 4923 (class 0 OID 16719)
-- Dependencies: 233
-- Data for Name: hotel_1_reservation; Type: TABLE DATA; Schema: public; Owner: hotel_admin
--

COPY public.hotel_1_reservation (id, check_in_date, check_out_date, room_id, user_id) FROM stdin;
\.


--
-- TOC entry 4921 (class 0 OID 16713)
-- Dependencies: 231
-- Data for Name: hotel_1_room; Type: TABLE DATA; Schema: public; Owner: hotel_admin
--

COPY public.hotel_1_room (number, price_per_night, capacity) FROM stdin;
1	2555.00	2
2	3333.00	3
\.


--
-- TOC entry 4933 (class 0 OID 0)
-- Dependencies: 221
-- Name: auth_group_id_seq; Type: SEQUENCE SET; Schema: public; Owner: hotel_admin
--

SELECT pg_catalog.setval('public.auth_group_id_seq', 1, false);


--
-- TOC entry 4934 (class 0 OID 0)
-- Dependencies: 223
-- Name: auth_group_permissions_id_seq; Type: SEQUENCE SET; Schema: public; Owner: hotel_admin
--

SELECT pg_catalog.setval('public.auth_group_permissions_id_seq', 1, false);


--
-- TOC entry 4935 (class 0 OID 0)
-- Dependencies: 219
-- Name: auth_permission_id_seq; Type: SEQUENCE SET; Schema: public; Owner: hotel_admin
--

SELECT pg_catalog.setval('public.auth_permission_id_seq', 40, true);


--
-- TOC entry 4936 (class 0 OID 0)
-- Dependencies: 234
-- Name: django_admin_log_id_seq; Type: SEQUENCE SET; Schema: public; Owner: hotel_admin
--

SELECT pg_catalog.setval('public.django_admin_log_id_seq', 7, true);


--
-- TOC entry 4937 (class 0 OID 0)
-- Dependencies: 217
-- Name: django_content_type_id_seq; Type: SEQUENCE SET; Schema: public; Owner: hotel_admin
--

SELECT pg_catalog.setval('public.django_content_type_id_seq', 10, true);


--
-- TOC entry 4938 (class 0 OID 0)
-- Dependencies: 215
-- Name: django_migrations_id_seq; Type: SEQUENCE SET; Schema: public; Owner: hotel_admin
--

SELECT pg_catalog.setval('public.django_migrations_id_seq', 22, true);


--
-- TOC entry 4939 (class 0 OID 0)
-- Dependencies: 227
-- Name: hotel_1_customuser_groups_id_seq; Type: SEQUENCE SET; Schema: public; Owner: hotel_admin
--

SELECT pg_catalog.setval('public.hotel_1_customuser_groups_id_seq', 1, false);


--
-- TOC entry 4940 (class 0 OID 0)
-- Dependencies: 225
-- Name: hotel_1_customuser_id_seq; Type: SEQUENCE SET; Schema: public; Owner: hotel_admin
--

SELECT pg_catalog.setval('public.hotel_1_customuser_id_seq', 2, true);


--
-- TOC entry 4941 (class 0 OID 0)
-- Dependencies: 229
-- Name: hotel_1_customuser_user_permissions_id_seq; Type: SEQUENCE SET; Schema: public; Owner: hotel_admin
--

SELECT pg_catalog.setval('public.hotel_1_customuser_user_permissions_id_seq', 1, false);


--
-- TOC entry 4942 (class 0 OID 0)
-- Dependencies: 232
-- Name: hotel_1_reservation_id_seq; Type: SEQUENCE SET; Schema: public; Owner: hotel_admin
--

SELECT pg_catalog.setval('public.hotel_1_reservation_id_seq', 7, true);


--
-- TOC entry 4705 (class 2606 OID 16689)
-- Name: auth_group auth_group_name_key; Type: CONSTRAINT; Schema: public; Owner: hotel_admin
--

ALTER TABLE ONLY public.auth_group
    ADD CONSTRAINT auth_group_name_key UNIQUE (name);


--
-- TOC entry 4710 (class 2606 OID 16675)
-- Name: auth_group_permissions auth_group_permissions_group_id_permission_id_0cd325b0_uniq; Type: CONSTRAINT; Schema: public; Owner: hotel_admin
--

ALTER TABLE ONLY public.auth_group_permissions
    ADD CONSTRAINT auth_group_permissions_group_id_permission_id_0cd325b0_uniq UNIQUE (group_id, permission_id);


--
-- TOC entry 4713 (class 2606 OID 16664)
-- Name: auth_group_permissions auth_group_permissions_pkey; Type: CONSTRAINT; Schema: public; Owner: hotel_admin
--

ALTER TABLE ONLY public.auth_group_permissions
    ADD CONSTRAINT auth_group_permissions_pkey PRIMARY KEY (id);


--
-- TOC entry 4707 (class 2606 OID 16656)
-- Name: auth_group auth_group_pkey; Type: CONSTRAINT; Schema: public; Owner: hotel_admin
--

ALTER TABLE ONLY public.auth_group
    ADD CONSTRAINT auth_group_pkey PRIMARY KEY (id);


--
-- TOC entry 4700 (class 2606 OID 16666)
-- Name: auth_permission auth_permission_content_type_id_codename_01ab375a_uniq; Type: CONSTRAINT; Schema: public; Owner: hotel_admin
--

ALTER TABLE ONLY public.auth_permission
    ADD CONSTRAINT auth_permission_content_type_id_codename_01ab375a_uniq UNIQUE (content_type_id, codename);


--
-- TOC entry 4702 (class 2606 OID 16650)
-- Name: auth_permission auth_permission_pkey; Type: CONSTRAINT; Schema: public; Owner: hotel_admin
--

ALTER TABLE ONLY public.auth_permission
    ADD CONSTRAINT auth_permission_pkey PRIMARY KEY (id);


--
-- TOC entry 4743 (class 2606 OID 16790)
-- Name: authtoken_token authtoken_token_pkey; Type: CONSTRAINT; Schema: public; Owner: hotel_admin
--

ALTER TABLE ONLY public.authtoken_token
    ADD CONSTRAINT authtoken_token_pkey PRIMARY KEY (key);


--
-- TOC entry 4745 (class 2606 OID 16792)
-- Name: authtoken_token authtoken_token_user_id_key; Type: CONSTRAINT; Schema: public; Owner: hotel_admin
--

ALTER TABLE ONLY public.authtoken_token
    ADD CONSTRAINT authtoken_token_user_id_key UNIQUE (user_id);


--
-- TOC entry 4739 (class 2606 OID 16773)
-- Name: django_admin_log django_admin_log_pkey; Type: CONSTRAINT; Schema: public; Owner: hotel_admin
--

ALTER TABLE ONLY public.django_admin_log
    ADD CONSTRAINT django_admin_log_pkey PRIMARY KEY (id);


--
-- TOC entry 4695 (class 2606 OID 16644)
-- Name: django_content_type django_content_type_app_label_model_76bd3d3b_uniq; Type: CONSTRAINT; Schema: public; Owner: hotel_admin
--

ALTER TABLE ONLY public.django_content_type
    ADD CONSTRAINT django_content_type_app_label_model_76bd3d3b_uniq UNIQUE (app_label, model);


--
-- TOC entry 4697 (class 2606 OID 16642)
-- Name: django_content_type django_content_type_pkey; Type: CONSTRAINT; Schema: public; Owner: hotel_admin
--

ALTER TABLE ONLY public.django_content_type
    ADD CONSTRAINT django_content_type_pkey PRIMARY KEY (id);


--
-- TOC entry 4693 (class 2606 OID 16636)
-- Name: django_migrations django_migrations_pkey; Type: CONSTRAINT; Schema: public; Owner: hotel_admin
--

ALTER TABLE ONLY public.django_migrations
    ADD CONSTRAINT django_migrations_pkey PRIMARY KEY (id);


--
-- TOC entry 4748 (class 2606 OID 16805)
-- Name: django_session django_session_pkey; Type: CONSTRAINT; Schema: public; Owner: hotel_admin
--

ALTER TABLE ONLY public.django_session
    ADD CONSTRAINT django_session_pkey PRIMARY KEY (session_key);


--
-- TOC entry 4721 (class 2606 OID 16726)
-- Name: hotel_1_customuser_groups hotel_1_customuser_groups_customuser_id_group_id_03cdc58d_uniq; Type: CONSTRAINT; Schema: public; Owner: hotel_admin
--

ALTER TABLE ONLY public.hotel_1_customuser_groups
    ADD CONSTRAINT hotel_1_customuser_groups_customuser_id_group_id_03cdc58d_uniq UNIQUE (customuser_id, group_id);


--
-- TOC entry 4724 (class 2606 OID 16706)
-- Name: hotel_1_customuser_groups hotel_1_customuser_groups_pkey; Type: CONSTRAINT; Schema: public; Owner: hotel_admin
--

ALTER TABLE ONLY public.hotel_1_customuser_groups
    ADD CONSTRAINT hotel_1_customuser_groups_pkey PRIMARY KEY (id);


--
-- TOC entry 4715 (class 2606 OID 16698)
-- Name: hotel_1_customuser hotel_1_customuser_pkey; Type: CONSTRAINT; Schema: public; Owner: hotel_admin
--

ALTER TABLE ONLY public.hotel_1_customuser
    ADD CONSTRAINT hotel_1_customuser_pkey PRIMARY KEY (id);


--
-- TOC entry 4726 (class 2606 OID 16740)
-- Name: hotel_1_customuser_user_permissions hotel_1_customuser_user__customuser_id_permission_7eb0452a_uniq; Type: CONSTRAINT; Schema: public; Owner: hotel_admin
--

ALTER TABLE ONLY public.hotel_1_customuser_user_permissions
    ADD CONSTRAINT hotel_1_customuser_user__customuser_id_permission_7eb0452a_uniq UNIQUE (customuser_id, permission_id);


--
-- TOC entry 4730 (class 2606 OID 16712)
-- Name: hotel_1_customuser_user_permissions hotel_1_customuser_user_permissions_pkey; Type: CONSTRAINT; Schema: public; Owner: hotel_admin
--

ALTER TABLE ONLY public.hotel_1_customuser_user_permissions
    ADD CONSTRAINT hotel_1_customuser_user_permissions_pkey PRIMARY KEY (id);


--
-- TOC entry 4718 (class 2606 OID 16700)
-- Name: hotel_1_customuser hotel_1_customuser_username_key; Type: CONSTRAINT; Schema: public; Owner: hotel_admin
--

ALTER TABLE ONLY public.hotel_1_customuser
    ADD CONSTRAINT hotel_1_customuser_username_key UNIQUE (username);


--
-- TOC entry 4734 (class 2606 OID 16723)
-- Name: hotel_1_reservation hotel_1_reservation_pkey; Type: CONSTRAINT; Schema: public; Owner: hotel_admin
--

ALTER TABLE ONLY public.hotel_1_reservation
    ADD CONSTRAINT hotel_1_reservation_pkey PRIMARY KEY (id);


--
-- TOC entry 4732 (class 2606 OID 16717)
-- Name: hotel_1_room hotel_1_room_pkey; Type: CONSTRAINT; Schema: public; Owner: hotel_admin
--

ALTER TABLE ONLY public.hotel_1_room
    ADD CONSTRAINT hotel_1_room_pkey PRIMARY KEY (number);


--
-- TOC entry 4703 (class 1259 OID 16690)
-- Name: auth_group_name_a6ea08ec_like; Type: INDEX; Schema: public; Owner: hotel_admin
--

CREATE INDEX auth_group_name_a6ea08ec_like ON public.auth_group USING btree (name varchar_pattern_ops);


--
-- TOC entry 4708 (class 1259 OID 16686)
-- Name: auth_group_permissions_group_id_b120cbf9; Type: INDEX; Schema: public; Owner: hotel_admin
--

CREATE INDEX auth_group_permissions_group_id_b120cbf9 ON public.auth_group_permissions USING btree (group_id);


--
-- TOC entry 4711 (class 1259 OID 16687)
-- Name: auth_group_permissions_permission_id_84c5c92e; Type: INDEX; Schema: public; Owner: hotel_admin
--

CREATE INDEX auth_group_permissions_permission_id_84c5c92e ON public.auth_group_permissions USING btree (permission_id);


--
-- TOC entry 4698 (class 1259 OID 16672)
-- Name: auth_permission_content_type_id_2f476e4b; Type: INDEX; Schema: public; Owner: hotel_admin
--

CREATE INDEX auth_permission_content_type_id_2f476e4b ON public.auth_permission USING btree (content_type_id);


--
-- TOC entry 4741 (class 1259 OID 16798)
-- Name: authtoken_token_key_10f0b77e_like; Type: INDEX; Schema: public; Owner: hotel_admin
--

CREATE INDEX authtoken_token_key_10f0b77e_like ON public.authtoken_token USING btree (key varchar_pattern_ops);


--
-- TOC entry 4737 (class 1259 OID 16784)
-- Name: django_admin_log_content_type_id_c4bce8eb; Type: INDEX; Schema: public; Owner: hotel_admin
--

CREATE INDEX django_admin_log_content_type_id_c4bce8eb ON public.django_admin_log USING btree (content_type_id);


--
-- TOC entry 4740 (class 1259 OID 16785)
-- Name: django_admin_log_user_id_c564eba6; Type: INDEX; Schema: public; Owner: hotel_admin
--

CREATE INDEX django_admin_log_user_id_c564eba6 ON public.django_admin_log USING btree (user_id);


--
-- TOC entry 4746 (class 1259 OID 16807)
-- Name: django_session_expire_date_a5c62663; Type: INDEX; Schema: public; Owner: hotel_admin
--

CREATE INDEX django_session_expire_date_a5c62663 ON public.django_session USING btree (expire_date);


--
-- TOC entry 4749 (class 1259 OID 16806)
-- Name: django_session_session_key_c0390e0f_like; Type: INDEX; Schema: public; Owner: hotel_admin
--

CREATE INDEX django_session_session_key_c0390e0f_like ON public.django_session USING btree (session_key varchar_pattern_ops);


--
-- TOC entry 4719 (class 1259 OID 16737)
-- Name: hotel_1_customuser_groups_customuser_id_ff52c88f; Type: INDEX; Schema: public; Owner: hotel_admin
--

CREATE INDEX hotel_1_customuser_groups_customuser_id_ff52c88f ON public.hotel_1_customuser_groups USING btree (customuser_id);


--
-- TOC entry 4722 (class 1259 OID 16738)
-- Name: hotel_1_customuser_groups_group_id_6514cb4c; Type: INDEX; Schema: public; Owner: hotel_admin
--

CREATE INDEX hotel_1_customuser_groups_group_id_6514cb4c ON public.hotel_1_customuser_groups USING btree (group_id);


--
-- TOC entry 4727 (class 1259 OID 16751)
-- Name: hotel_1_customuser_user_permissions_customuser_id_e7e5a9ea; Type: INDEX; Schema: public; Owner: hotel_admin
--

CREATE INDEX hotel_1_customuser_user_permissions_customuser_id_e7e5a9ea ON public.hotel_1_customuser_user_permissions USING btree (customuser_id);


--
-- TOC entry 4728 (class 1259 OID 16752)
-- Name: hotel_1_customuser_user_permissions_permission_id_72c1a3b3; Type: INDEX; Schema: public; Owner: hotel_admin
--

CREATE INDEX hotel_1_customuser_user_permissions_permission_id_72c1a3b3 ON public.hotel_1_customuser_user_permissions USING btree (permission_id);


--
-- TOC entry 4716 (class 1259 OID 16724)
-- Name: hotel_1_customuser_username_6da06968_like; Type: INDEX; Schema: public; Owner: hotel_admin
--

CREATE INDEX hotel_1_customuser_username_6da06968_like ON public.hotel_1_customuser USING btree (username varchar_pattern_ops);


--
-- TOC entry 4735 (class 1259 OID 16763)
-- Name: hotel_1_reservation_room_id_33f08921; Type: INDEX; Schema: public; Owner: hotel_admin
--

CREATE INDEX hotel_1_reservation_room_id_33f08921 ON public.hotel_1_reservation USING btree (room_id);


--
-- TOC entry 4736 (class 1259 OID 16764)
-- Name: hotel_1_reservation_user_id_78194da0; Type: INDEX; Schema: public; Owner: hotel_admin
--

CREATE INDEX hotel_1_reservation_user_id_78194da0 ON public.hotel_1_reservation USING btree (user_id);


--
-- TOC entry 4751 (class 2606 OID 16681)
-- Name: auth_group_permissions auth_group_permissio_permission_id_84c5c92e_fk_auth_perm; Type: FK CONSTRAINT; Schema: public; Owner: hotel_admin
--

ALTER TABLE ONLY public.auth_group_permissions
    ADD CONSTRAINT auth_group_permissio_permission_id_84c5c92e_fk_auth_perm FOREIGN KEY (permission_id) REFERENCES public.auth_permission(id) DEFERRABLE INITIALLY DEFERRED;


--
-- TOC entry 4752 (class 2606 OID 16676)
-- Name: auth_group_permissions auth_group_permissions_group_id_b120cbf9_fk_auth_group_id; Type: FK CONSTRAINT; Schema: public; Owner: hotel_admin
--

ALTER TABLE ONLY public.auth_group_permissions
    ADD CONSTRAINT auth_group_permissions_group_id_b120cbf9_fk_auth_group_id FOREIGN KEY (group_id) REFERENCES public.auth_group(id) DEFERRABLE INITIALLY DEFERRED;


--
-- TOC entry 4750 (class 2606 OID 16667)
-- Name: auth_permission auth_permission_content_type_id_2f476e4b_fk_django_co; Type: FK CONSTRAINT; Schema: public; Owner: hotel_admin
--

ALTER TABLE ONLY public.auth_permission
    ADD CONSTRAINT auth_permission_content_type_id_2f476e4b_fk_django_co FOREIGN KEY (content_type_id) REFERENCES public.django_content_type(id) DEFERRABLE INITIALLY DEFERRED;


--
-- TOC entry 4761 (class 2606 OID 16793)
-- Name: authtoken_token authtoken_token_user_id_35299eff_fk_hotel_1_customuser_id; Type: FK CONSTRAINT; Schema: public; Owner: hotel_admin
--

ALTER TABLE ONLY public.authtoken_token
    ADD CONSTRAINT authtoken_token_user_id_35299eff_fk_hotel_1_customuser_id FOREIGN KEY (user_id) REFERENCES public.hotel_1_customuser(id) DEFERRABLE INITIALLY DEFERRED;


--
-- TOC entry 4759 (class 2606 OID 16774)
-- Name: django_admin_log django_admin_log_content_type_id_c4bce8eb_fk_django_co; Type: FK CONSTRAINT; Schema: public; Owner: hotel_admin
--

ALTER TABLE ONLY public.django_admin_log
    ADD CONSTRAINT django_admin_log_content_type_id_c4bce8eb_fk_django_co FOREIGN KEY (content_type_id) REFERENCES public.django_content_type(id) DEFERRABLE INITIALLY DEFERRED;


--
-- TOC entry 4760 (class 2606 OID 16779)
-- Name: django_admin_log django_admin_log_user_id_c564eba6_fk_hotel_1_customuser_id; Type: FK CONSTRAINT; Schema: public; Owner: hotel_admin
--

ALTER TABLE ONLY public.django_admin_log
    ADD CONSTRAINT django_admin_log_user_id_c564eba6_fk_hotel_1_customuser_id FOREIGN KEY (user_id) REFERENCES public.hotel_1_customuser(id) DEFERRABLE INITIALLY DEFERRED;


--
-- TOC entry 4753 (class 2606 OID 16727)
-- Name: hotel_1_customuser_groups hotel_1_customuser_g_customuser_id_ff52c88f_fk_hotel_1_c; Type: FK CONSTRAINT; Schema: public; Owner: hotel_admin
--

ALTER TABLE ONLY public.hotel_1_customuser_groups
    ADD CONSTRAINT hotel_1_customuser_g_customuser_id_ff52c88f_fk_hotel_1_c FOREIGN KEY (customuser_id) REFERENCES public.hotel_1_customuser(id) DEFERRABLE INITIALLY DEFERRED;


--
-- TOC entry 4754 (class 2606 OID 16732)
-- Name: hotel_1_customuser_groups hotel_1_customuser_groups_group_id_6514cb4c_fk_auth_group_id; Type: FK CONSTRAINT; Schema: public; Owner: hotel_admin
--

ALTER TABLE ONLY public.hotel_1_customuser_groups
    ADD CONSTRAINT hotel_1_customuser_groups_group_id_6514cb4c_fk_auth_group_id FOREIGN KEY (group_id) REFERENCES public.auth_group(id) DEFERRABLE INITIALLY DEFERRED;


--
-- TOC entry 4755 (class 2606 OID 16741)
-- Name: hotel_1_customuser_user_permissions hotel_1_customuser_u_customuser_id_e7e5a9ea_fk_hotel_1_c; Type: FK CONSTRAINT; Schema: public; Owner: hotel_admin
--

ALTER TABLE ONLY public.hotel_1_customuser_user_permissions
    ADD CONSTRAINT hotel_1_customuser_u_customuser_id_e7e5a9ea_fk_hotel_1_c FOREIGN KEY (customuser_id) REFERENCES public.hotel_1_customuser(id) DEFERRABLE INITIALLY DEFERRED;


--
-- TOC entry 4756 (class 2606 OID 16746)
-- Name: hotel_1_customuser_user_permissions hotel_1_customuser_u_permission_id_72c1a3b3_fk_auth_perm; Type: FK CONSTRAINT; Schema: public; Owner: hotel_admin
--

ALTER TABLE ONLY public.hotel_1_customuser_user_permissions
    ADD CONSTRAINT hotel_1_customuser_u_permission_id_72c1a3b3_fk_auth_perm FOREIGN KEY (permission_id) REFERENCES public.auth_permission(id) DEFERRABLE INITIALLY DEFERRED;


--
-- TOC entry 4757 (class 2606 OID 16753)
-- Name: hotel_1_reservation hotel_1_reservation_room_id_33f08921_fk_hotel_1_room_number; Type: FK CONSTRAINT; Schema: public; Owner: hotel_admin
--

ALTER TABLE ONLY public.hotel_1_reservation
    ADD CONSTRAINT hotel_1_reservation_room_id_33f08921_fk_hotel_1_room_number FOREIGN KEY (room_id) REFERENCES public.hotel_1_room(number) DEFERRABLE INITIALLY DEFERRED;


--
-- TOC entry 4758 (class 2606 OID 16758)
-- Name: hotel_1_reservation hotel_1_reservation_user_id_78194da0_fk_hotel_1_customuser_id; Type: FK CONSTRAINT; Schema: public; Owner: hotel_admin
--

ALTER TABLE ONLY public.hotel_1_reservation
    ADD CONSTRAINT hotel_1_reservation_user_id_78194da0_fk_hotel_1_customuser_id FOREIGN KEY (user_id) REFERENCES public.hotel_1_customuser(id) DEFERRABLE INITIALLY DEFERRED;


-- Completed on 2023-10-29 20:59:55

--
-- PostgreSQL database dump complete
--

